LoyaltyID,CustomerID,JoinDate,Tier,PointsEarned,PointsRedeemed,CurrentPoints,LastActivity,Visits,Status
L001,C4001,2023-01-10,Silver,1200,800,400,2025-06-10,25,Active
L002,C4002,2023-02-15,Bronze,500,200,300,2025-06-09,10,Active
L003,C4003,2023-03-20,Gold,2200,1900,300,2025-06-11,45,Active
L004,C4004,2023-04-05,Silver,900,400,500,2025-06-13,18,Active
L005,C4005,2023-05-22,Bronze,300,0,300,2025-06-14,7,Active
L006,C4006,2023-06-18,Gold,2600,2500,100,2025-06-12,50,Active
L007,C4007,2023-07-25,Silver,800,600,200,2025-06-13,20,Active
L008,C4008,2023-08-30,Bronze,450,200,250,2025-06-15,12,Active
L009,C4009,2023-09-14,Gold,1800,1700,100,2025-06-10,38,Active
L010,C4010,2023-10-01,Silver,1000,500,500,2025-06-15,22,Active
,,,,,,,,,
,,,,,,,,,
,,,,,,,,,
,,,,,,,,,
,,,,,,,,,
,,,,,,,,,
,,,,,,,,,
,,,,,,,,,
ChatGPT said:,,,,,,,,,
,,,,,,,,,
"To generate the Excel file, you'll need to log in to ChatGPT with access to the Python tool. Since it's currently not available in this session, you can copy and run the following Python code on your local machine using tools like Jupyter Notebook, Google Colab, or a simple Python script with Pandas installed.",,,,,,,,,
,,,,,,,,,
✅ Python Code to Create the Excel File,,,,,,,,,
,,,,,,,,,
python,,,,,,,,,
CopyEdit,,,,,,,,,
import pandas as pd,,,,,,,,,
,,,,,,,,,
# Dataset 1: Online Transactions,,,,,,,,,
online_transactions = pd.DataFrame({,,,,,,,,,
"    ""TransactionID"": [f""TX00{i}"" for i in range(1, 11)],",,,,,,,,,
"    ""CustomerID"": [f""C100{i}"" for i in range(1, 11)],",,,,,,,,,
"    ""ProductID"": [f""P10{i}"" for i in range(1, 11)],",,,,,,,,,
"    ""Date"": [""2025-06-10"", ""2025-06-11"", ""2025-06-11"", ""2025-06-12"", ""2025-06-12"",",,,,,,,,,
"             ""2025-06-13"", ""2025-06-13"", ""2025-06-14"", ""2025-06-15"", ""2025-06-15""],",,,,,,,,,
"    ""Time"": [""12:34"", ""15:42"", ""08:21"", ""10:10"", ""21:45"", ""14:50"", ""17:30"", ""09:20"", ""11:55"", ""19:05""],",,,,,,,,,
"    ""Amount"": [49.99, 19.95, 35.00, 15.00, 120.00, 29.99, 59.95, 9.99, 74.00, 23.50],",,,,,,,,,
"    ""PaymentMethod"": [""Credit Card"", ""PayPal"", ""Credit Card"", ""Credit Card"", ""Debit Card"",",,,,,,,,,
"                      ""Credit Card"", ""PayPal"", ""Credit Card"", ""Debit Card"", ""PayPal""],",,,,,,,,,
"    ""Device"": [""Mobile"", ""Desktop"", ""Tablet"", ""Mobile"", ""Desktop"",",,,,,,,,,
"               ""Mobile"", ""Laptop"", ""Desktop"", ""Mobile"", ""Tablet""],",,,,,,,,,
"    ""DiscountCode"": [""SUMMER10"", """", ""NEW5"", """", ""WELCOME"", """", ""SUMMER10"", """", ""SAVE15"", """"],",,,,,,,,,
"    ""Source"": [""Email"", ""Direct"", ""Social"", ""Email"", ""Organic"", ""Social"", ""Ad"", ""Direct"", ""Email"", ""Referral""]",,,,,,,,,
}),,,,,,,,,
,,,,,,,,,
# Dataset 2: In-Store Purchases,,,,,,,,,
in_store_purchases = pd.DataFrame({,,,,,,,,,
"    ""ReceiptID"": [f""R00{i}"" for i in range(1, 11)],",,,,,,,,,
"    ""CustomerID"": [f""C200{i}"" for i in range(1, 11)],",,,,,,,,,
"    ""Date"": [""2025-06-10""] * 2 + [""2025-06-11""] * 2 + [""2025-06-12"", ""2025-06-13""] * 2 + [""2025-06-14""] * 2 + [""2025-06-15""],",,,,,,,,,
"    ""Time"": [""10:00"", ""12:15"", ""14:45"", ""16:30"", ""11:20"", ""13:10"", ""15:55"", ""09:05"", ""17:45"", ""19:00""],",,,,,,,,,
"    ""StoreID"": [""S001"", ""S001"", ""S002"", ""S002"", ""S003"", ""S001"", ""S003"", ""S002"", ""S001"", ""S003""],",,,,,,,,,
"    ""CashierID"": [""EMP101"", ""EMP102"", ""EMP103"", ""EMP101"", ""EMP104"", ""EMP102"", ""EMP105"", ""EMP101"", ""EMP104"", ""EMP105""],",,,,,,,,,
"    ""ProductID"": [f""P20{i}"" for i in range(1, 11)],",,,,,,,,,
"    ""Quantity"": [2, 1, 3, 2, 1, 5, 4, 2, 1, 3],",,,,,,,,,
"    ""TotalAmount"": [39.98, 19.99, 45.00, 60.00, 25.00, 100.00, 80.00, 50.00, 10.00, 75.00],",,,,,,,,,
"    ""PaymentType"": [""Cash"", ""Credit Card"", ""Debit Card"", ""Mobile Pay"", ""Cash"",",,,,,,,,,
"                    ""Credit Card"", ""Debit Card"", ""Mobile Pay"", ""Credit Card"", ""Cash""]",,,,,,,,,
}),,,,,,,,,
,,,,,,,,,
# Dataset 3: Customer Service,,,,,,,,,
customer_service = pd.DataFrame({,,,,,,,,,
"    ""TicketID"": [f""T00{i}"" for i in range(1, 11)],",,,,,,,,,
"    ""CustomerID"": [f""C300{i}"" for i in range(1, 11)],",,,,,,,,,
"    ""ContactDate"": [""2025-06-10""] * 2 + [""2025-06-11""] * 2 + [""2025-06-12"", ""2025-06-13""] * 2 + [""2025-06-14"", ""2025-06-15""] * 2,",,,,,,,,,
"    ""ContactTime"": [""10:05"", ""13:30"", ""09:45"", ""14:20"", ""16:00"", ""11:15"", ""12:50"", ""15:40"", ""09:30"", ""18:10""],",,,,,,,,,
"    ""Method"": [""Phone"", ""Email"", ""Chat"", ""Phone"", ""Email"", ""Chat"", ""Phone"", ""Email"", ""Chat"", ""Phone""],",,,,,,,,,
"    ""Topic"": [""Delivery Issue"", ""Return Request"", ""Product Info"", ""Complaint"", ""Exchange"",",,,,,,,,,
"              ""Technical Help"", ""Feedback"", ""Account Issue"", ""Refund"", ""Loyalty Points""],",,,,,,,,,
"    ""Status"": [""Resolved"", ""Pending"", ""Resolved"", ""Escalated"", ""Resolved"", ""Resolved"", ""Resolved"", ""Resolved"", ""Resolved"", ""Pending""],",,,,,,,,,
"    ""AgentID"": [""A001"", ""A002"", ""A003"", ""A001"", ""A004"", ""A002"", ""A003"", ""A001"", ""A004"", ""A002""],",,,,,,,,,
"    ""ResolutionTime"": [""1h"", ""-"", ""30m"", ""-"", ""2h"", ""45m"", ""20m"", ""1h"", ""35m"", ""-""],",,,,,,,,,
"    ""Satisfaction"": [5, None, 4, 2, 5, 3, 5, 4, 4, None]",,,,,,,,,
}),,,,,,,,,
,,,,,,,,,
# Dataset 4: Loyalty Program,,,,,,,,,
loyalty_program = pd.DataFrame({,,,,,,,,,
"    ""LoyaltyID"": [f""L00{i}"" for i in range(1, 11)],",,,,,,,,,
"    ""CustomerID"": [f""C400{i}"" for i in range(1, 11)],",,,,,,,,,
"    ""JoinDate"": [""2023-01-10"", ""2023-02-15"", ""2023-03-20"", ""2023-04-05"", ""2023-05-22"",",,,,,,,,,
"                 ""2023-06-18"", ""2023-07-25"", ""2023-08-30"", ""2023-09-14"", ""2023-10-01""],",,,,,,,,,
"    ""Tier"": [""Silver"", ""Bronze"", ""Gold"", ""Silver"", ""Bronze"", ""Gold"", ""Silver"", ""Bronze"", ""Gold"", ""Silver""],",,,,,,,,,
"    ""PointsEarned"": [1200, 500, 2200, 900, 300, 2600, 800, 450, 1800, 1000],",,,,,,,,,
"    ""PointsRedeemed"": [800, 200, 1900, 400, 0, 2500, 600, 200, 1700, 500],",,,,,,,,,
"    ""CurrentPoints"": [400, 300, 300, 500, 300, 100, 200, 250, 100, 500],",,,,,,,,,
"    ""LastActivity"": [""2025-06-10"", ""2025-06-09"", ""2025-06-11"", ""2025-06-13"", ""2025-06-14"",",,,,,,,,,
"                     ""2025-06-12"", ""2025-06-13"", ""2025-06-15"", ""2025-06-10"", ""2025-06-15""],",,,,,,,,,
"    ""Visits"": [25, 10, 45, 18, 7, 50, 20, 12, 38, 22],",,,,,,,,,
"    ""Status"": [""Active""] * 10",,,,,,,,,
}),,,,,,,,,
,,,,,,,,,
# Save to Excel file,,,,,,,,,
"with pd.ExcelWriter(""Retail_Datasets.xlsx"") as writer:",,,,,,,,,
"    online_transactions.to_excel(writer, sheet_name=""Online_Transactions"", index=False)",,,,,,,,,
"    in_store_purchases.to_excel(writer, sheet_name=""In_Store_Purchases"", index=False)",,,,,,,,,
"    customer_service.to_excel(writer, sheet_name=""Customer_Service"", index=False)",,,,,,,,,
"    loyalty_program.to_excel(writer, sheet_name=""Loyalty_Program"", index=False)",,,,,,,,,
,,,,,,,,,
"print(""Excel file 'Retail_Datasets.xlsx' has been created."")",,,,,,,,,
,,,,,,,,,
Let me know if you'd like a CSV version or help running this on a platform like Google Colab. ,,,,,,,,,
,,,,,,,,,
"Get smarter responses, upload files and images, and more.",,,,,,,,,
Log in,,,,,,,,,
Sign up for free,,,,,,,,,
